1,1,2,3,5,8,13,4,7,11,2,3,5,8,13,4,7,11,2,3,5,8,13,4,7,11,2,3,5,8,13,4,7,11,2,3,5,8,13,4,7,11,2,3,5,8,13,4,7,11,2,3,5,8,13,4,7,11,2,3,5,8,13,4,7,11,2,3,5,8,13,4,7,11,2,3,5,8,13,4,7,11,2,3,5,8,13,4,7,11,2,3,5,8,13,4,7,11,2,3
2,2,4,6,10,1,1,2,3,5,8,13,4,7,11,2,3,5,8,13,4,7,11,2,3,5,8,13,4,7,11,2,3,5,8,13,4,7,11,2,3,5,8,13,4,7,11,2,3,5,8,13,4,7,11,2,3,5,8,13,4,7,11,2,3,5,8,13,4,7,11,2,3,5,8,13,4,7,11,2,3,5,8,13,4,7,11,2,3,5,8,13,4,7,11,2,3,5,8,13
3,3,6,9,15,6,11,2,3,5,8,13,4,7,11,2,3,5,8,13,4,7,11,2,3,5,8,13,4,7,11,2,3,5,8,13,4,7,11,2,3,5,8,13,4,7,11,2,3,5,8,13,4,7,11,2,3,5,8,13,4,7,11,2,3,5,8,13,4,7,11,2,3,5,8,13,4,7,11,2,3,5,8,13,4,7,11,2,3,5,8,13,4,7,11,2,3,5,8,13
4,4,8,12,3,5,8,13,4,7,11,2,3,5,8,13,4,7,11,2,3,5,8,13,4,7,11,2,3,5,8,13,4,7,11,2,3,5,8,13,4,7,11,2,3,5,8,13,4,7,11,2,3,5,8,13,4,7,11,2,3,5,8,13,4,7,11,2,3,5,8,13,4,7,11,2,3,5,8,13,4,7,11,2,3,5,8,13,4,7,11,2,3,5,8,13,4,7,11,2
5,5,10,1,1,2,3,5,8,13,4,7,11,2,3,5,8,13,4,7,11,2,3,5,8,13,4,7,11,2,3,5,8,13,4,7,11,2,3,5,8,13,4,7,11,2,3,5,8,13,4,7,11,2,3,5,8,13,4,7,11,2,3,5,8,13,4,7,11,2,3,5,8,13,4,7,11,2,3,5,8,13,4,7,11,2,3,5,8,13,4,7,11,2,3,5,8,13,4,7
6,6,12,3,5,8,13,4,7,11,2,3,5,8,13,4,7,11,2,3,5,8,13,4,7,11,2,3,5,8,13,4,7,11,2,3,5,8,13,4,7,11,2,3,5,8,13,4,7,11,2,3,5,8,13,4,7,11,2,3,5,8,13,4,7,11,2,3,5,8,13,4,7,11,2,3,5,8,13,4,7,11,2,3,5,8,13,4,7,11,2,3,5,8,13,4,7,11,2,3
7,7,14,5,9,14,5,9,14,5,9,14,5,9,14,5,9,14,5,9,14,5,9,14,5,9,14,5,9,14,5,9,14,5,9,14,5,9,14,5,9,14,5,9,14,5,9,14,5,9,14,5,9,14,5,9,14,5,9,14,5,9,14,5,9,14,5,9,14,5,9,14,5,9,14,5,9,14,5,9,14,5,9,14,5,9,14,5,9,14,5,9,14,5,9,14,5,9,14,5
8,8,16,7,13,4,7,11,2,3,5,8,13,4,7,11,2,3,5,8,13,4,7,11,2,3,5,8,13,4,7,11,2,3,5,8,13,4,7,11,2,3,5,8,13,4,7,11,2,3,5,8,13,4,7,11,2,3,5,8,13,4,7,11,2,3,5,8,13,4,7,11,2,3,5,8,13,4,7,11,2,3,5,8,13,4,7,11,2,3,5,8,13,4,7,11,2,3,5,8
9,9,18,9,17,8,15,6,11,2,3,5,8,13,4,7,11,2,3,5,8,13,4,7,11,2,3,5,8,13,4,7,11,2,3,5,8,13,4,7,11,2,3,5,8,13,4,7,11,2,3,5,8,13,4,7,11,2,3,5,8,13,4,7,11,2,3,5,8,13,4,7,11,2,3,5,8,13,4,7,11,2,3,5,8,13,4,7,11,2,3,5,8,13,4,7,11,2,3,5
10,1,1,2,3,5,8,13,4,7,11,2,3,5,8,13,4,7,11,2,3,5,8,13,4,7,11,2,3,5,8,13,4,7,11,2,3,5,8,13,4,7,11,2,3,5,8,13,4,7,11,2,3,5,8,13,4,7,11,2,3,5,8,13,4,7,11,2,3,5,8,13,4,7,11,2,3,5,8,13,4,7,11,2,3,5,8,13,4,7,11,2,3,5,8,13,4,7,11,2
11,2,3,5,8,13,4,7,11,2,3,5,8,13,4,7,11,2,3,5,8,13,4,7,11,2,3,5,8,13,4,7,11,2,3,5,8,13,4,7,11,2,3,5,8,13,4,7,11,2,3,5,8,13,4,7,11,2,3,5,8,13,4,7,11,2,3,5,8,13,4,7,11,2,3,5,8,13,4,7,11,2,3,5,8,13,4,7,11,2,3,5,8,13,4,7,11,2,3,5
12,3,5,8,13,13,7,11,2,3,5,8,13,4,7,11,2,3,5,8,13,4,7,11,2,3,5,8,13,4,7,11,2,3,5,8,13,4,7,11,2,3,5,8,13,4,7,11,2,3,5,8,13,4,7,11,2,3,5,8,13,4,7,11,2,3,5,8,13,4,7,11,2,3,5,8,13,4,7,11,2,3,5,8,13,4,7,11,2,3,5,8,13,4,7,11,2,3,5,8
13,4,7,11,2,3,5,8,13,4,7,11,2,3,5,8,13,4,7,11,2,3,5,8,13,4,7,11,2,3,5,8,13,4,7,11,2,3,5,8,13,4,7,11,2,3,5,8,13,4,7,11,2,3,5,8,13,4,7,11,2,3,5,8,13,4,7,11,2,3,5,8,13,4,7,11,2,3,5,8,13,4,7,11,2,3,5,8,13,4,7,11,2,3,5,8,13,4,7,11
14,5,9,14,5,9,14,5,9,14,5,9,14,5,9,14,5,9,14,5,9,14,5,9,14,5,9,14,5,9,14,5,9,14,5,9,14,5,9,14,5,9,14,5,9,14,5,9,14,5,9,14,5,9,14,5,9,14,5,9,14,5,9,14,5,9,14,5,9,14,5,9,14,5,9,14,5,9,14,5,9,14,5,9,14,5,9,14,5,9,14,5,9,14,5,9,14,5,9,14
15,6,11,2,3,5,8,13,4,7,11,2,3,5,8,13,4,7,11,2,3,5,8,13,4,7,11,2,3,5,8,13,4,7,11,2,3,5,8,13,4,7,11,2,3,5,8,13,4,7,11,2,3,5,8,13,4,7,11,2,3,5,8,13,4,7,11,2,3,5,8,13,4,7,11,2,3,5,8,13,4,7,11,2,3,5,8,13,4,7,11,2,3,5,8,13,4,7,11,2
16,7,13,4,7,11,2,3,5,8,13,4,7,11,2,3,5,8,13,4,7,11,2,3,5,8,13,4,7,11,2,3,5,8,13,4,7,11,2,3,5,8,13,4,7,11,2,3,5,8,13,4,7,11,2,3,5,8,13,4,7,11,2,3,5,8,13,4,7,11,2,3,5,8,13,4,7,11,2,3,5,8,13,4,7,11,2,3,5,8,13,4,7,11,2,3,5,8,13,4
17,8,15,6,11,2,3,5,8,13,4,7,11,2,3,5,8,13,4,7,11,2,3,5,8,13,4,7,11,2,3,5,8,13,4,7,11,2,3,5,8,13,4,7,11,2,3,5,8,13,4,7,11,2,3,5,8,13,4,7,11,2,3,5,8,13,4,7,11,2,3,5,8,13,4,7,11,2,3,5,8,13,4,7,11,2,3,5,8,13,4,7,11,2,3,5,8,13,4,7
18,9,17,8,15,6,11,2,3,5,8,13,4,7,11,2,3,5,8,13,4,7,11,2,3,5,8,13,4,7,11,2,3,5,8,13,4,7,11,2,3,5,8,13,4,7,11,2,3,5,8,13,4,7,11,2,3,5,8,13,4,7,11,2,3,5,8,13,4,7,11,2,3,5,8,13,4,7,11,2,3,5,8,13,4,7,11,2,3,5,8,13,4,7,11,2,3,5,8,13
19,10,1,1,2,3,5,8,13,4,7,11,2,3,5,8,13,4,7,11,2,3,5,8,13,4,7,11,2,3,5,8,13,4,7,11,2,3,5,8,13,4,7,11,2,3,5,8,13,4,7,11,2,3,5,8,13,4,7,11,2,3,5,8,13,4,7,11,2,3,5,8,13,4,7,11,2,3,5,8,13,4,7,11,2,3,5,8,13,4,7,11,2,3,5,8,13,4,7,11
20,2,2,4,6,10,1,1,2,3,5,8,13,4,7,11,2,3,5,8,13,4,7,11,2,3,5,8,13,4,7,11,2,3,5,8,13,4,7,11,2,3,5,8,13,4,7,11,2,3,5,8,13,4,7,11,2,3,5,8,13,4,7,11,2,3,5,8,13,4,7,11,2,3,5,8,13,4,7,11,2,3,5,8,13,4,7,11,2,3,5,8,13,4,7,11,2,3,5,8
21,3,4,7,11,2,3,5,8,13,4,7,11,2,3,5,8,13,4,7,11,2,3,5,8,13,4,7,11,2,3,5,8,13,4,7,11,2,3,5,8,13,4,7,11,2,3,5,8,13,4,7,11,2,3,5,8,13,4,7,11,2,3,5,8,13,4,7,11,2,3,5,8,13,4,7,11,2,3,5,8,13,4,7,11,2,3,5,8,13,4,7,11,2,3,5,8,13,4,7
22,4,6,10,1,1,2,3,5,8,13,4,7,11,2,3,5,8,13,4,7,11,2,3,5,8,13,4,7,11,2,3,5,8,13,4,7,11,2,3,5,8,13,4,7,11,2,3,5,8,13,4,7,11,2,3,5,8,13,4,7,11,2,3,5,8,13,4,7,11,2,3,5,8,13,4,7,11,2,3,5,8,13,4,7,11,2,3,5,8,13,4,7,11,2,3,5,8,13,4
23,5,8,13,4,7,11,2,3,5,8,13,4,7,11,2,3,5,8,13,4,7,11,2,3,5,8,13,4,7,11,2,3,5,8,13,4,7,11,2,3,5,8,13,4,7,11,2,3,5,8,13,4,7,11,2,3,5,8,13,4,7,11,2,3,5,8,13,4,7,11,2,3,5,8,13,4,7,11,2,3,5,8,13,4,7,11,2,3,5,8,13,4,7,11,2,3,5,8,13
24,6,10,1,1,2,3,5,8,13,4,7,11,2,3,5,8,13,4,7,11,2,3,5,8,13,4,7,11,2,3,5,8,13,4,7,11,2,3,5,8,13,4,7,11,2,3,5,8,13,4,7,11,2,3,5,8,13,4,7,11,2,3,5,8,13,4,7,11,2,3,5,8,13,4,7,11,2,3,5,8,13,4,7,11,2,3,5,8,13,4,7,11,2,3,5,8,13,4,7
25,7,12,3,5,8,13,4,7,11,2,3,5,8,13,4,7,11,2,3,5,8,13,4,7,11,2,3,5,8,13,4,7,11,2,3,5,8,13,4,7,11,2,3,5,8,13,4,7,11,2,3,5,8,13,4,7,11,2,3,5,8,13,4,7,11,2,3,5,8,13,4,7,11,2,3,5,8,13,4,7,11,2,3,5,8,13,4,7,11,2,3,5,8,13,4,7,11,2,3
26,8,14,5,9,14,5,9,14,5,9,14,5,9,14,5,9,14,5,9,14,5,9,14,5,9,14,5,9,14,5,9,14,5,9,14,5,9,14,5,9,14,5,9,14,5,9,14,5,9,14,5,9,14,5,9,14,5,9,14,5,9,14,5,9,14,5,9,14,5,9,14,5,9,14,5,9,14,5,9,14,5,9,14,5,9,14,5,9,14,5,9,14,5,9,14,5,9,14,5
27,9,16,7,13,4,7,11,2,3,5,8,13,4,7,11,2,3,5,8,13,4,7,11,2,3,5,8,13,4,7,11,2,3,5,8,13,4,7,11,2,3,5,8,13,4,7,11,2,3,5,8,13,4,7,11,2,3,5,8,13,4,7,11,2,3,5,8,13,4,7,11,2,3,5,8,13,4,7,11,2,3,5,8,13,4,7,11,2,3,5,8,13,4,7,11,2,3,5,8
28,10,1,1,2,3,5,8,13,4,7,11,2,3,5,8,13,4,7,11,2,3,5,8,13,4,7,11,2,3,5,8,13,4,7,11,2,3,5,8,13,4,7,11,2,3,5,8,13,4,7,11,2,3,5,8,13,4,7,11,2,3,5,8,13,4,7,11,2,3,5,8,13,4,7,11,2,3,5,8,13,4,7,11,2,3,5,8,13,4,7,11,2,3,5,8,13,4,7,11
29,11,2,3,5,8,13,4,7,11,2,3,5,8,13,4,7,11,2,3,5,8,13,4,7,11,2,3,5,8,13,4,7,11,2,3,5,8,13,4,7,11,2,3,5,8,13,4,7,11,2,3,5,8,13,4,7,11,2,3,5,8,13,4,7,11,2,3,5,8,13,4,7,11,2,3,5,8,13,4,7,11,2,3,5,8,13,4,7,11,2,3,5,8,13,4,7,11,2,3
30,3,3,6,9,15,6,11,2,3,5,8,13,4,7,11,2,3,5,8,13,4,7,11,2,3,5,8,13,4,7,11,2,3,5,8,13,4,7,11,2,3,5,8,13,4,7,11,2,3,5,8,13,4,7,11,2,3,5,8,13,4,7,11,2,3,5,8,13,4,7,11,2,3,5,8,13,4,7,11,2,3,5,8,13,4,7,11,2,3,5,8,13,4,7,11,2,3,5,8
31,4,5,9,14,5,9,14,5,9,14,5,9,14,5,9,14,5,9,14,5,9,14,5,9,14,5,9,14,5,9,14,5,9,14,5,9,14,5,9,14,5,9,14,5,9,14,5,9,14,5,9,14,5,9,14,5,9,14,5,9,14,5,9,14,5,9,14,5,9,14,5,9,14,5,9,14,5,9,14,5,9,14,5,9,14,5,9,14,5,9,14,5,9,14,5,9,14,5,9
32,5,7,12,3,5,8,13,4,7,11,2,3,5,8,13,4,7,11,2,3,5,8,13,4,7,11,2,3,5,8,13,4,7,11,2,3,5,8,13,4,7,11,2,3,5,8,13,4,7,11,2,3,5,8,13,4,7,11,2,3,5,8,13,4,7,11,2,3,5,8,13,4,7,11,2,3,5,8,13,4,7,11,2,3,5,8,13,4,7,11,2,3,5,8,13,4,7,11,2
33,6,9,15,6,11,2,3,5,8,13,4,7,11,2,3,5,8,13,4,7,11,2,3,5,8,13,4,7,11,2,3,5,8,13,4,7,11,2,3,5,8,13,4,7,11,2,3,5,8,13,4,7,11,2,3,5,8,13,4,7,11,2,3,5,8,13,4,7,11,2,3,5,8,13,4,7,11,2,3,5,8,13,4,7,11,2,3,5,8,13,4,7,11,2,3,5,8,13,4
34,7,11,2,3,5,8,13,4,7,11,2,3,5,8,13,4,7,11,2,3,5,8,13,4,7,11,2,3,5,8,13,4,7,11,2,3,5,8,13,4,7,11,2,3,5,8,13,4,7,11,2,3,5,8,13,4,7,11,2,3,5,8,13,4,7,11,2,3,5,8,13,4,7,11,2,3,5,8,13,4,7,11,2,3,5,8,13,4,7,11,2,3,5,8,13,4,7,11,2
35,8,13,4,7,11,2,3,5,8,13,4,7,11,2,3,5,8,13,4,7,11,2,3,5,8,13,4,7,11,2,3,5,8,13,4,7,11,2,3,5,8,13,4,7,11,2,3,5,8,13,4,7,11,2,3,5,8,13,4,7,11,2,3,5,8,13,4,7,11,2,3,5,8,13,4,7,11,2,3,5,8,13,4,7,11,2,3,5,8,13,4,7,11,2,3,5,8,13,4
36,9,15,6,11,2,3,5,8,13,4,7,11,2,3,5,8,13,4,7,11,2,3,5,8,13,4,7,11,2,3,5,8,13,4,7,11,2,3,5,8,13,4,7,11,2,3,5,8,13,4,7,11,2,3,5,8,13,4,7,11,2,3,5,8,13,4,7,11,2,3,5,8,13,4,7,11,2,3,5,8,13,4,7,11,2,3,5,8,13,4,7,11,2,3,5,8,13,4,7
37,10,1,1,2,3,5,8,13,4,7,11,2,3,5,8,13,4,7,11,2,3,5,8,13,4,7,11,2,3,5,8,13,4,7,11,2,3,5,8,13,4,7,11,2,3,5,8,13,4,7,11,2,3,5,8,13,4,7,11,2,3,5,8,13,4,7,11,2,3,5,8,13,4,7,11,2,3,5,8,13,4,7,11,2,3,5,8,13,4,7,11,2,3,5,8,13,4,7,11
38,11,2,3,5,8,13,4,7,11,2,3,5,8,13,4,7,11,2,3,5,8,13,4,7,11,2,3,5,8,13,4,7,11,2,3,5,8,13,4,7,11,2,3,5,8,13,4,7,11,2,3,5,8,13,4,7,11,2,3,5,8,13,4,7,11,2,3,5,8,13,4,7,11,2,3,5,8,13,4,7,11,2,3,5,8,13,4,7,11,2,3,5,8,13,4,7,11,2,3
39,12,3,5,8,13,4,7,11,2,3,5,8,13,4,7,11,2,3,5,8,13,4,7,11,2,3,5,8,13,4,7,11,2,3,5,8,13,4,7,11,2,3,5,8,13,4,7,11,2,3,5,8,13,4,7,11,2,3,5,8,13,4,7,11,2,3,5,8,13,4,7,11,2,3,5,8,13,4,7,11,2,3,5,8,13,4,7,11,2,3,5,8,13,4,7,11,2,3,5
40,4,4,8,12,3,5,8,13,4,7,11,2,3,5,8,4,7,11,2,3,5,8,13,4,7,11,2,3,5,8,13,4,7,11,2,3,5,8,13,4,7,11,2,3,5,8,13,4,7,11,2,3,5,8,13,4,7,11,2,3,5,8,13,4,7,11,2,3,5,8,13,4,7,11,2,3,5,8,13,4,7,11,2,3,5,8,13,4,7,11,2,3,5,8,13,4,7,11,2
41,5,6,11,2,3,5,8,13,4,7,11,2,3,5,8,13,4,7,11,2,3,5,8,13,4,7,11,2,3,5,8,13,4,7,11,2,3,5,8,13,4,7,11,2,3,5,8,13,4,7,11,2,3,5,8,13,4,7,11,2,3,5,8,13,4,7,11,2,3,5,8,13,4,7,11,2,3,5,8,13,4,7,11,2,3,5,8,13,4,7,11,2,3,5,8,13,4,7,11
42,6,8,14,5,9,14,5,9,14,5,9,14,5,9,14,5,9,14,5,9,14,5,9,14,5,9,14,5,9,14,5,9,14,5,9,14,5,9,14,5,9,14,5,9,14,5,9,14,5,9,14,5,9,14,5,9,14,5,9,14,5,9,14,5,9,14,5,9,14,5,9,14,5,9,14,5,9,14,5,9,14,5,9,14,5,9,14,5,9,14,5,9,14,5,9,14,5,9,14
43,7,10,1,1,2,3,5,8,13,4,7,11,2,3,5,8,13,4,7,11,2,3,5,8,13,4,7,11,2,3,5,8,13,4,7,11,2,3,5,8,13,4,7,11,2,3,5,8,13,4,7,11,2,3,5,8,13,4,7,11,2,3,5,8,13,4,7,11,2,3,5,8,13,4,7,11,2,3,5,8,13,4,7,11,2,3,5,8,13,4,7,11,2,3,5,8,13,4,7
44,8,12,3,5,8,13,4,7,11,2,3,5,8,13,4,7,11,2,3,5,8,13,4,7,11,2,3,5,8,13,4,7,11,2,3,5,8,13,4,7,11,2,3,5,8,13,4,7,11,2,3,5,8,13,4,7,11,2,3,5,8,13,4,7,11,2,3,5,8,13,4,7,11,2,3,5,8,13,4,7,11,2,3,5,8,13,4,7,11,2,3,5,8,13,4,7,11,2,3
45,9,14,5,9,14,5,9,14,5,9,14,5,9,14,5,9,14,5,9,14,5,9,14,5,9,14,5,9,14,5,9,14,5,9,14,5,9,14,5,9,14,5,9,14,5,9,14,5,9,14,5,9,14,5,9,14,5,9,14,5,9,14,5,9,14,5,9,14,5,9,14,5,9,14,5,9,14,5,9,14,5,9,14,5,9,14,5,9,14,5,9,14,5,9,14,5,9,14,5
46,10,1,1,2,3,5,8,13,4,7,11,2,3,5,8,13,4,7,11,2,3,5,8,13,4,7,11,2,3,5,8,13,4,7,11,2,3,5,8,13,4,7,11,2,3,5,8,13,4,7,11,2,3,5,8,13,4,7,11,2,3,5,8,13,4,7,11,2,3,5,8,13,4,7,11,2,3,5,8,13,4,7,11,2,3,5,8,13,4,7,11,2,3,5,8,13,4,7,11
47,11,2,3,5,8,13,4,7,11,2,3,5,8,13,4,7,11,2,3,5,8,13,4,7,11,2,3,5,8,13,4,7,11,2,3,5,8,13,4,7,11,2,3,5,8,13,4,7,11,2,3,5,8,13,4,7,11,2,3,5,8,13,4,7,11,2,3,5,8,13,4,7,11,2,3,5,8,13,4,7,11,2,3,5,8,13,4,7,11,2,3,5,8,13,4,7,11,2,3
48,12,3,5,8,13,4,7,11,2,3,5,8,13,4,7,11,2,3,5,8,13,4,7,11,2,3,5,8,13,4,7,11,2,3,5,8,13,4,7,11,2,3,5,8,13,4,7,11,2,3,5,8,13,4,7,11,2,3,5,8,13,4,7,11,2,3,5,8,13,4,7,11,2,3,5,8,13,4,7,11,2,3,5,8,13,4,7,11,2,3,5,8,13,4,7,11,2,3,5
49,13,4,7,11,2,3,5,8,13,4,7,11,2,3,5,8,13,4,7,11,2,3,5,8,13,4,7,11,2,3,5,8,13,4,7,11,2,3,5,8,13,4,7,11,2,3,5,8,13,4,7,11,2,3,5,8,13,4,7,11,2,3,5,8,13,4,7,11,2,3,5,8,13,4,7,11,2,3,5,8,13,4,7,11,2,3,5,8,13,4,7,11,2,3,5,8,13,4,7
50,5,5,10,1,1,2,3,5,8,13,4,7,11,2,3,5,8,13,4,7,11,2,3,5,8,13,4,7,11,2,3,5,8,13,4,7,11,2,3,5,8,13,4,7,11,2,3,5,8,13,4,7,11,2,3,5,8,13,4,7,11,2,3,5,8,13,4,7,11,2,3,5,8,13,4,7,11,2,3,5,8,13,4,7,11,2,3,5,8,13,4,7,11,2,3,5,8,13,4
51,6,7,13,4,7,11,2,3,5,8,13,4,7,11,2,3,5,8,13,4,7,11,2,3,5,8,13,4,7,11,2,3,5,8,13,4,7,11,2,3,5,8,13,4,7,11,2,3,5,8,13,4,7,11,2,3,5,8,13,4,7,11,2,3,5,8,13,4,7,11,2,3,5,8,13,4,7,11,2,3,5,8,13,4,7,11,2,3,5,8,13,4,7,11,2,3,5,8,13
52,7,9,16,7,13,4,7,11,2,3,5,8,13,4,7,11,2,3,5,8,13,4,7,11,2,3,5,8,13,4,7,11,2,3,5,8,13,4,7,11,2,3,5,8,13,4,7,11,2,3,5,8,13,4,7,11,2,3,5,8,13,4,7,11,2,3,5,8,13,4,7,11,2,3,5,8,13,4,7,11,2,3,5,8,13,4,7,11,2,3,5,8,13,4,7,11,2,3,5
53,8,11,2,3,5,8,13,4,7,11,2,3,5,8,13,4,7,11,2,3,5,8,13,4,7,11,2,3,5,8,13,4,7,11,2,3,5,8,13,4,7,11,2,3,5,8,13,4,7,11,2,3,5,8,13,4,7,11,2,3,5,8,13,4,7,11,2,3,5,8,13,4,7,11,2,3,5,8,13,4,7,11,2,3,5,8,13,4,7,11,2,3,5,8,13,4,7,11,2
54,9,13,4,7,11,2,3,5,8,13,4,7,11,2,3,5,8,13,4,7,11,2,3,5,8,13,4,7,11,2,3,5,8,13,4,7,11,2,3,5,8,13,4,7,11,2,3,5,8,13,4,7,11,2,3,5,8,13,4,7,11,2,3,5,8,13,4,7,11,2,3,5,8,13,4,7,11,2,3,5,8,13,4,7,11,2,3,5,8,13,4,7,11,2,3,5,8,13,4
55,10,1,1,2,3,5,8,13,4,7,11,2,3,5,8,13,4,7,11,2,3,5,8,13,4,7,11,2,3,5,8,13,4,7,11,2,3,5,8,13,4,7,11,2,3,5,8,13,4,7,11,2,3,5,8,13,4,7,11,2,3,5,8,13,4,7,11,2,3,5,8,13,4,7,11,2,3,5,8,13,4,7,11,2,3,5,8,13,4,7,11,2,3,5,8,13,4,7,11
56,11,2,3,5,8,13,4,7,11,2,3,5,8,13,4,7,11,2,3,5,8,13,4,7,11,2,3,5,8,13,4,7,11,2,3,5,8,13,4,7,11,2,3,5,8,13,4,7,11,2,3,5,8,13,4,7,11,2,3,5,8,13,4,7,11,2,3,5,8,13,4,7,11,2,3,5,8,13,4,7,11,2,3,5,8,13,4,7,11,2,3,5,8,13,4,7,11,2,3
57,12,3,5,8,13,4,7,11,2,3,5,8,13,4,7,11,2,3,5,8,13,4,7,11,2,3,5,8,13,4,7,11,2,3,5,8,13,4,7,11,2,3,5,8,13,4,7,11,2,3,5,8,13,4,7,11,2,3,5,8,13,4,7,11,2,3,5,8,13,4,7,11,2,3,5,8,13,4,7,11,2,3,5,8,13,4,7,11,2,3,5,8,13,4,7,11,2,3,5
58,13,4,7,11,2,3,5,8,13,4,7,11,2,3,5,8,13,4,7,11,2,3,5,8,13,4,7,11,2,3,5,8,13,4,7,11,2,3,5,8,13,4,7,11,2,3,5,8,13,4,7,11,2,3,5,8,13,4,7,11,2,3,5,8,13,4,7,11,2,3,5,8,13,4,7,11,2,3,5,8,13,4,7,11,2,3,5,8,13,4,7,11,2,3,5,8,13,4,7
59,14,5,9,14,5,9,14,5,9,14,5,9,14,5,9,14,5,9,14,5,9,14,5,9,14,5,9,14,5,9,14,5,9,14,5,9,14,5,9,14,5,9,14,5,9,14,5,9,14,5,9,14,5,9,14,5,9,14,5,9,14,5,9,14,5,9,14,5,9,14,5,9,14,5,9,14,5,9,14,5,9,14,5,9,14,5,9,14,5,9,14,5,9,14,5,9,14,5,9
60,6,6,12,3,5,8,13,4,7,11,2,3,5,8,13,4,7,11,2,3,5,8,13,4,7,11,2,3,5,8,13,4,7,11,2,3,5,8,13,4,7,11,2,3,5,8,13,4,7,11,2,3,5,8,13,4,7,11,2,3,5,8,13,4,7,11,2,3,5,8,13,4,7,11,2,3,5,8,13,4,7,11,2,3,5,8,13,4,7,11,2,3,5,8,13,4,7,11,2
61,7,8,15,6,11,2,3,5,8,13,4,7,11,2,3,5,8,11,4,7,11,2,3,5,8,13,4,7,11,2,3,5,8,13,4,7,11,2,3,5,8,13,4,7,11,2,3,5,8,13,4,7,11,2,3,5,8,13,4,7,11,2,3,5,8,13,4,7,11,2,3,5,8,13,4,7,11,2,3,5,8,13,4,7,5,2,3,5,8,13,4,7,11,2,3,5,8,13,4
62,8,10,1,1,2,3,5,8,13,4,7,11,2,3,5,8,13,4,7,11,2,3,5,8,13,4,7,11,2,3,5,8,13,4,7,11,2,3,5,8,13,4,7,11,2,3,5,8,13,4,7,11,2,3,5,8,13,4,7,11,2,3,5,8,13,4,7,11,2,3,5,8,13,4,7,11,2,3,5,8,13,4,7,11,2,3,5,8,13,4,7,11,2,3,5,8,13,4,7
63,9,12,3,5,8,13,4,7,11,2,3,5,8,13,4,7,11,2,3,5,8,13,4,7,11,2,3,5,8,13,4,7,11,2,3,5,8,13,4,7,11,2,3,5,8,13,4,7,11,2,3,5,8,13,4,7,11,2,3,5,8,13,4,7,11,2,3,5,8,13,4,7,11,2,3,5,8,13,4,7,11,2,3,5,8,13,4,7,11,2,3,5,8,13,4,7,11,2,3
64,10,1,1,2,3,5,8,13,4,7,11,2,3,5,8,13,4,7,11,2,3,5,8,13,4,7,11,2,3,5,8,13,4,7,11,2,3,5,8,13,4,7,11,2,3,5,8,13,4,7,11,2,3,5,8,13,4,7,11,2,3,5,8,13,4,7,11,2,3,5,8,13,4,7,11,2,3,5,8,13,4,7,11,2,3,5,8,13,4,7,11,2,3,5,8,13,4,7,11
65,11,2,3,5,8,13,4,7,11,2,3,5,8,13,4,7,11,2,3,5,8,13,4,7,11,2,3,5,8,13,4,7,11,2,3,5,8,13,4,7,11,2,3,5,8,13,4,7,11,2,3,5,8,13,4,7,11,2,3,5,8,13,4,7,11,2,3,5,8,13,4,7,11,2,3,5,8,13,4,7,11,2,3,5,8,13,4,7,11,2,3,5,8,13,4,7,11,2,3
66,12,3,5,8,13,4,7,11,2,3,5,8,13,4,7,11,2,3,5,8,13,4,7,11,2,3,5,8,13,4,7,11,2,3,5,8,13,4,7,11,2,3,5,8,13,4,7,11,2,3,5,8,13,4,7,11,2,3,5,8,13,4,7,11,2,3,5,8,13,4,7,11,2,3,5,8,13,4,7,11,2,3,5,8,13,4,7,11,2,3,5,8,13,4,7,11,2,3,5
67,13,4,7,11,2,3,5,8,13,4,7,11,2,3,5,8,13,4,7,11,2,3,5,8,13,4,7,11,2,3,5,8,13,4,7,11,2,3,5,8,13,4,7,11,2,3,5,8,13,4,7,11,2,3,5,8,13,4,7,11,2,3,5,8,13,4,7,11,2,3,5,8,13,4,7,11,2,3,5,8,13,4,7,11,2,3,5,8,13,4,7,11,2,3,5,8,13,4,7
68,14,5,9,14,5,9,14,5,9,14,5,9,14,5,9,14,5,9,14,5,9,14,5,9,14,5,9,14,5,9,14,5,9,14,5,9,14,5,9,14,5,9,14,5,9,14,5,9,14,5,9,14,5,9,14,5,9,14,5,9,14,5,9,14,5,9,14,5,9,14,5,9,14,5,9,14,5,9,14,5,9,14,5,9,14,5,9,14,5,9,14,5,9,14,5,9,14,5,9
69,15,6,11,2,3,5,8,13,4,7,11,2,3,5,8,13,4,7,11,2,3,5,8,13,4,7,11,2,3,5,8,13,4,7,11,2,3,5,8,13,4,7,11,2,3,5,8,13,4,7,11,2,3,5,8,13,4,7,11,2,3,5,8,13,4,7,11,2,3,5,8,13,4,7,11,2,3,5,8,13,4,7,11,2,3,5,8,13,4,7,11,2,3,5,8,13,4,7,11
70,7,7,14,5,9,14,5,9,14,5,9,14,5,9,14,5,9,14,5,9,14,5,9,14,5,9,14,5,9,14,5,9,14,5,9,14,5,9,14,5,9,14,5,9,14,5,9,14,5,9,14,5,9,14,5,9,14,5,9,14,5,9,14,5,9,14,5,9,14,5,9,14,5,9,14,5,9,14,5,9,14,5,9,14,5,9,14,5,9,14,5,9,14,5,9,14,5,9,14
71,8,9,17,8,15,6,11,2,3,5,8,13,4,7,11,2,3,5,8,13,4,7,11,2,3,5,8,13,4,7,11,2,3,5,8,13,4,7,11,2,3,5,8,13,4,7,11,2,3,5,8,13,4,7,11,2,3,5,8,13,4,7,11,2,3,5,8,13,4,7,11,2,3,5,8,13,4,7,11,2,3,5,8,13,4,7,11,2,3,5,8,13,4,7,11,2,3,5,8
72,9,11,2,3,5,8,13,4,7,11,2,3,5,8,13,4,7,11,2,3,5,8,13,4,7,11,2,3,5,8,13,4,7,11,2,3,5,8,13,4,7,11,2,3,5,8,13,4,7,11,2,3,5,8,13,4,7,11,2,3,5,8,13,4,7,11,2,3,5,8,13,4,7,11,2,3,5,8,13,4,7,11,2,3,5,8,13,4,7,11,2,3,5,8,13,4,7,11,2
73,10,1,1,2,3,5,8,13,4,7,11,2,3,5,8,13,4,7,11,2,3,5,8,13,4,7,11,2,3,5,8,13,4,7,11,2,3,5,8,13,4,7,11,2,3,5,8,13,4,7,11,2,3,5,8,13,4,7,11,2,3,5,8,13,4,7,11,2,3,5,8,13,4,7,11,2,3,5,8,13,4,7,11,2,3,5,8,13,4,7,11,2,3,5,8,13,4,7,11
74,11,2,3,5,8,13,4,7,11,2,3,5,8,13,4,7,11,2,3,5,8,13,4,7,11,2,3,5,8,13,4,7,11,2,3,5,8,13,4,7,11,2,3,5,8,13,4,7,11,2,3,5,8,13,4,7,11,2,3,5,8,13,4,7,11,2,3,5,8,13,4,7,11,2,3,5,8,13,4,7,11,2,3,5,8,13,4,7,11,2,3,5,8,13,4,7,11,2,3
75,12,3,5,8,13,4,7,11,2,3,5,8,13,4,7,11,2,3,5,8,13,4,7,11,2,3,5,8,13,4,7,11,2,3,5,8,13,4,7,11,2,3,5,8,13,4,7,11,2,3,5,8,13,4,7,11,2,3,5,8,13,4,7,11,2,3,5,8,13,4,7,11,2,3,5,8,13,4,7,11,2,3,5,8,13,4,7,11,2,3,5,8,13,4,7,11,2,3,5
76,13,4,7,11,2,3,5,8,13,4,7,11,2,3,5,8,13,4,7,11,2,3,5,8,13,4,7,11,2,3,5,8,13,4,7,11,2,3,5,8,13,4,7,11,2,3,5,8,13,4,7,11,2,3,5,8,13,4,7,11,2,3,5,8,13,4,7,11,2,3,5,8,13,4,7,11,2,3,5,8,13,4,7,11,2,3,5,8,13,4,7,11,2,3,5,8,13,4,7
77,14,5,9,14,5,9,14,5,9,14,5,9,14,5,9,14,5,9,14,5,9,14,5,9,14,5,9,14,5,9,14,5,9,14,5,9,14,5,9,14,5,9,14,5,9,14,5,9,14,5,9,14,5,9,14,5,9,14,5,9,14,5,9,14,5,9,14,5,9,14,5,9,14,5,9,14,5,9,14,5,9,14,5,9,14,5,9,14,5,9,14,5,9,14,5,9,14,5,9
78,15,6,11,2,3,5,8,13,4,7,11,2,3,5,8,13,4,7,11,2,3,5,8,13,4,7,11,2,3,5,8,13,4,7,11,2,3,5,8,13,4,7,11,2,3,5,8,13,4,7,11,2,3,5,8,13,4,7,11,2,3,5,8,13,4,7,11,2,3,5,8,13,4,7,11,2,3,5,8,13,4,7,11,2,3,5,8,13,4,7,11,2,3,5,8,13,4,7,11
79,16,7,13,4,7,11,2,3,5,8,13,4,7,11,2,3,5,8,13,4,7,11,2,3,5,8,13,4,7,11,2,3,5,8,13,4,7,11,2,3,5,8,13,4,7,11,2,3,5,8,13,4,7,11,2,3,5,8,13,4,7,11,2,3,5,8,13,4,7,11,2,3,5,8,13,4,7,11,2,3,5,8,13,4,7,11,2,3,5,8,13,4,7,11,2,3,5,8,13
80,8,8,16,7,13,4,7,11,2,3,5,8,13,4,7,11,2,3,5,8,13,4,7,11,2,3,5,8,13,4,7,11,2,3,5,8,13,4,7,11,2,3,5,8,13,4,7,11,2,3,5,8,13,4,7,11,2,3,5,8,13,4,7,11,2,3,5,8,13,4,7,11,2,3,5,8,13,4,7,11,2,3,5,8,13,4,7,11,2,3,5,8,13,4,7,11,2,3,5
81,9,10,1,1,2,3,5,8,13,4,7,11,2,3,5,8,13,4,7,11,2,3,5,8,13,4,7,11,2,3,5,8,13,4,7,11,2,3,5,8,13,4,7,11,2,3,5,8,13,4,7,11,2,3,5,8,13,4,7,11,2,3,5,8,13,4,7,11,2,3,5,8,13,4,7,11,2,3,5,8,13,4,7,11,2,3,5,8,13,4,7,11,2,3,5,8,13,4,7
82,10,1,1,2,3,5,8,13,4,7,11,2,3,5,8,13,4,7,11,2,3,5,8,13,4,7,11,2,3,5,8,13,4,7,11,2,3,5,8,13,4,7,11,2,3,5,8,13,4,7,11,2,3,5,8,13,4,7,11,2,3,5,8,13,4,7,11,2,3,5,8,13,4,7,11,2,3,5,8,13,4,7,11,2,3,5,8,13,4,7,11,2,3,5,8,13,4,7,11
83,11,2,3,5,8,13,4,7,11,2,3,5,8,13,4,7,11,2,3,5,8,13,4,7,11,2,3,5,8,13,4,7,11,2,3,5,8,13,4,7,11,2,3,5,8,13,4,7,11,2,3,5,8,13,4,7,11,2,3,5,8,13,4,7,11,2,3,5,8,13,4,7,11,2,3,5,8,13,4,7,11,2,3,5,8,13,4,7,11,2,3,5,8,13,4,7,11,2,3
84,12,3,5,8,13,4,7,11,2,3,5,8,13,4,7,11,2,3,5,8,13,4,7,11,2,3,5,8,13,4,7,11,2,3,5,8,13,4,7,11,2,3,5,8,13,4,7,11,2,3,5,8,13,4,7,11,2,3,5,8,13,4,7,11,2,3,5,8,13,4,7,11,2,3,5,8,13,4,7,11,2,3,5,8,13,4,7,11,2,3,5,8,13,4,7,11,2,3,5
85,13,4,7,11,2,3,5,8,13,4,7,11,2,3,5,8,13,4,7,11,2,3,5,8,13,4,7,11,2,3,5,8,13,4,7,11,2,3,5,8,13,4,7,11,2,3,5,8,13,4,7,11,2,3,5,8,13,4,7,11,2,3,5,8,13,4,7,11,2,3,5,8,13,4,7,11,2,3,5,8,13,4,7,11,2,3,5,8,13,4,7,11,2,3,5,8,13,4,7
86,14,5,9,14,5,9,14,5,9,14,5,9,14,5,9,14,5,9,14,5,9,14,5,9,14,5,9,14,5,9,14,5,9,14,5,9,14,5,9,14,5,9,14,5,9,14,5,9,14,5,9,14,5,9,14,5,9,14,5,9,14,5,9,14,5,9,14,5,9,14,5,9,14,5,9,14,5,9,14,5,9,14,5,9,14,5,9,14,5,9,14,5,9,14,5,9,14,5,9
87,15,6,11,2,3,5,8,13,4,7,11,2,3,5,8,13,4,7,11,2,3,5,8,13,4,7,11,2,3,5,8,13,4,7,11,2,3,5,8,13,4,7,11,2,3,5,8,13,4,7,11,2,3,5,8,13,4,7,11,2,3,5,8,13,4,7,11,2,3,5,8,13,4,7,11,2,3,5,8,13,4,7,11,2,3,5,8,13,4,7,11,2,3,5,8,13,4,7,11
88,16,7,13,4,7,11,2,3,5,8,13,4,7,11,2,3,5,8,13,4,7,11,2,3,5,8,13,4,7,11,2,3,5,8,13,4,7,11,2,3,5,8,13,4,7,11,2,3,5,8,13,4,7,11,2,3,5,8,13,4,7,11,2,3,5,8,13,4,7,11,2,3,5,8,13,4,7,11,2,3,5,8,13,4,7,11,2,3,5,8,13,4,7,11,2,3,5,8,13
89,17,8,15,6,11,2,3,5,8,13,4,7,11,2,3,5,8,13,4,7,11,2,3,5,8,13,4,7,11,2,3,5,8,13,4,7,11,2,3,5,8,13,4,7,11,2,3,5,8,13,4,7,11,2,3,5,8,13,4,7,11,2,3,5,8,13,4,7,11,2,3,5,8,13,4,7,11,2,3,5,8,13,4,7,11,2,3,5,8,13,4,7,11,2,3,5,8,13,4
90,9,9,18,9,17,8,15,6,11,2,3,5,8,13,4,7,11,2,3,5,8,13,4,7,11,2,3,5,8,13,4,7,11,2,3,5,8,13,4,7,11,2,3,5,8,13,4,7,11,2,3,5,8,13,4,7,11,2,3,5,8,13,4,7,11,2,3,5,8,13,4,7,11,2,3,5,8,13,4,7,11,2,3,5,8,13,4,7,11,2,3,5,8,13,4,7,11,2,3
91,10,1,1,2,3,5,8,13,4,7,11,2,3,5,8,13,4,7,11,2,3,5,8,13,4,7,11,2,3,5,8,13,4,7,11,2,3,5,8,13,4,7,11,2,3,5,8,13,4,7,11,2,3,5,8,13,4,7,11,2,3,5,8,13,4,7,11,2,3,5,8,13,4,7,11,2,3,5,8,13,4,7,11,2,3,5,8,13,4,7,11,2,3,5,8,13,4,7,11
92,11,2,3,5,8,13,4,7,11,2,3,5,8,13,4,7,11,2,3,5,8,13,4,7,11,2,3,5,8,13,4,7,11,2,3,5,8,13,4,7,11,2,3,5,8,13,4,7,11,2,3,5,8,13,4,7,11,2,3,5,8,13,4,7,11,2,3,5,8,13,4,7,11,2,3,5,8,13,4,7,11,2,3,5,8,13,4,7,11,2,3,5,8,13,4,7,11,2,3
93,12,3,5,8,13,4,7,11,2,3,5,8,13,4,7,11,2,3,5,8,13,4,7,11,2,3,5,8,13,4,7,11,2,3,5,8,13,4,7,11,2,3,5,8,13,4,7,11,2,3,5,8,13,4,7,11,2,3,5,8,13,4,7,11,2,3,5,8,13,4,7,11,2,3,5,8,13,4,7,11,2,3,5,8,13,4,7,11,2,3,5,8,13,4,7,11,2,3,5
94,13,4,7,11,2,3,5,8,13,4,7,11,2,3,5,8,13,4,7,11,2,3,5,8,13,4,7,11,2,3,5,8,13,4,7,11,2,3,5,8,13,4,7,11,2,3,5,8,13,4,7,11,2,3,5,8,13,4,7,11,2,3,5,8,13,4,7,11,2,3,5,8,13,4,7,11,2,3,5,8,13,4,7,11,2,3,5,8,13,4,7,11,2,3,5,8,13,4,7
95,14,5,9,14,5,9,14,5,9,14,5,9,14,5,9,14,5,9,14,5,9,14,5,9,14,5,9,14,5,9,14,5,9,14,5,9,14,5,9,14,5,9,14,5,9,14,5,9,14,5,9,14,5,9,14,5,9,14,5,9,14,5,9,14,5,9,14,5,9,14,5,9,14,5,9,14,5,9,14,5,9,14,5,9,14,5,9,14,5,9,14,5,9,14,5,9,14,5,9
96,15,6,11,2,3,5,8,13,4,7,11,2,3,5,8,13,4,7,11,2,3,5,8,13,4,7,11,2,3,5,8,13,4,7,11,2,3,5,8,13,4,7,11,2,3,5,8,13,4,7,11,2,3,5,8,13,4,7,11,2,3,5,8,13,4,7,11,2,3,5,8,13,4,7,11,2,3,5,8,13,4,7,11,2,3,5,8,13,4,7,11,2,3,5,8,13,4,7,11
97,16,7,13,2,7,11,2,3,5,8,13,4,7,11,2,3,5,8,13,4,7,11,2,3,5,8,13,4,7,11,2,3,5,8,13,4,7,11,2,3,5,8,13,4,7,11,2,3,5,8,13,4,7,11,2,3,5,8,13,4,7,11,2,3,5,8,13,4,7,11,2,3,5,8,13,4,7,11,2,3,5,8,13,4,7,11,2,3,5,8,13,4,7,11,2,3,5,8,13
98,17,8,15,6,11,2,3,5,8,13,4,7,11,2,3,5,8,13,4,7,11,2,3,5,8,13,4,7,11,2,3,5,8,13,4,7,11,2,3,5,8,13,4,7,11,2,3,5,8,13,4,7,11,2,3,5,8,13,4,7,11,2,3,5,8,13,4,7,11,2,3,5,8,13,4,7,11,2,3,5,8,13,4,7,11,2,3,5,8,13,4,7,11,2,3,5,8,13,4
99,18,9,17,6,15,6,11,2,3,5,8,13,4,7,11,2,3,5,8,13,4,7,11,2,3,5,8,13,4,7,11,2,3,5,8,13,4,7,11,2,3,5,8,13,4,7,11,2,3,5,8,13,4,7,11,2,3,5,8,13,4,7,11,2,3,5,8,13,4,7,11,2,3,5,8,13,4,7,11,2,3,5,8,13,4,7,11,2,3,5,8,13,4,7,11,2,3,5,8
100,0,0,0,0,0,0,0,0,0,0,0,0,0,0,0,0,0,0,0,0,0,0,0,0,0,0,0,0,0,0,0,0,0,0,0,0,0,0,0,0,0,0,0,0,0,0,0,0,0,0,0,0,0,0,0,0,0,0,0,0,0,0,0,0,0,0,0,0,0,0,0,0,0,0,0,0,0,0,0,0,0,0,0,0,0,0,0,0,0,0,0,0,0,0,0,0,0,0,0